"rank","prospect","tier","score","contact_route","subject","email_body","follow_up_1","follow_up_2"
"1","AgencyOps Letter","A","100","newsletter reply","AgencyOps Letter: quick sender-risk check before the next campaign","Hi there,

You have a professional audience and likely sponsor inventory, so deliverability evidence is useful.

I run a fixed-scope service called InboxReady. It checks SPF/DKIM/DMARC posture, one-click unsubscribe readiness, bounce and complaint risk, and campaign-level blockers.

The first audit is $149 and comes back as a plain-English score, fix list, and CSV your team can keep.

If you send the domain and one recent campaign export, I can turn it into a fixed-price audit. Worth a quick look this week?

Best,
{{your_name}}","Hi there,

Quick bump. The useful part is not a long report; it is a short blocker list before the next campaign. For AgencyOps Letter, I would check authentication, unsubscribe path, bounces, and complaint risk first.

Should I send a sample format?","Hi there,

I will close the loop for now. If inbox placement or Gmail/Yahoo sender rules become a priority before a launch, the $149 InboxReady audit is built for a one-domain quick pass.

Best,
{{your_name}}"
"2","LaunchLayer","A","96","contact form","LaunchLayer: quick sender-risk check before the next campaign","Hi there,

Client launch work is deadline-driven, which makes a same-day sender readiness audit sellable.

I run a fixed-scope service called InboxReady. It checks SPF/DKIM/DMARC posture, one-click unsubscribe readiness, bounce and complaint risk, and campaign-level blockers.

The first audit is $149 and comes back as a plain-English score, fix list, and CSV your team can keep.

If you send the domain and one recent campaign export, I can turn it into a fixed-price audit. Worth a quick look this week?

Best,
{{your_name}}","Hi there,

Quick bump. The useful part is not a long report; it is a short blocker list before the next campaign. For LaunchLayer, I would check authentication, unsubscribe path, bounces, and complaint risk first.

Should I send a sample format?","Hi there,

I will close the loop for now. If inbox placement or Gmail/Yahoo sender rules become a priority before a launch, the $149 InboxReady audit is built for a one-domain quick pass.

Best,
{{your_name}}"
"3","Inbox Pilot Agency","A","95","contact form","Inbox Pilot Agency: quick sender-risk check before the next campaign","Hi there,

Your clients already pay for email execution, so a sender-risk report is a natural proof artifact.

I run a fixed-scope service called InboxReady. It checks SPF/DKIM/DMARC posture, one-click unsubscribe readiness, bounce and complaint risk, and campaign-level blockers.

The first audit is $149 and comes back as a plain-English score, fix list, and CSV your team can keep.

If you send the domain and one recent campaign export, I can turn it into a fixed-price audit. Worth a quick look this week?

Best,
{{your_name}}","Hi there,

Quick bump. The useful part is not a long report; it is a short blocker list before the next campaign. For Inbox Pilot Agency, I would check authentication, unsubscribe path, bounces, and complaint risk first.

Should I send a sample format?","Hi there,

I will close the loop for now. If inbox placement or Gmail/Yahoo sender rules become a priority before a launch, the $149 InboxReady audit is built for a one-domain quick pass.

Best,
{{your_name}}"
"4","Founder Notes Weekly","A","94","newsletter reply","Founder Notes Weekly: quick sender-risk check before the next campaign","Hi there,

Your weekly newsletter likely has sponsor and product revenue tied directly to inbox placement.

I run a fixed-scope service called InboxReady. It checks SPF/DKIM/DMARC posture, one-click unsubscribe readiness, bounce and complaint risk, and campaign-level blockers.

The first audit is $149 and comes back as a plain-English score, fix list, and CSV your team can keep.

If you send the domain and one recent campaign export, I can turn it into a fixed-price audit. Worth a quick look this week?

Best,
{{your_name}}","Hi there,

Quick bump. The useful part is not a long report; it is a short blocker list before the next campaign. For Founder Notes Weekly, I would check authentication, unsubscribe path, bounces, and complaint risk first.

Should I send a sample format?","Hi there,

I will close the loop for now. If inbox placement or Gmail/Yahoo sender rules become a priority before a launch, the $149 InboxReady audit is built for a one-domain quick pass.

Best,
{{your_name}}"
"5","LegalOps Digest","A","94","newsletter reply","LegalOps Digest: quick sender-risk check before the next campaign","Hi there,

Professional newsletters lose more than clicks when messages miss inboxes; they lose sponsor confidence.

I run a fixed-scope service called InboxReady. It checks SPF/DKIM/DMARC posture, one-click unsubscribe readiness, bounce and complaint risk, and campaign-level blockers.

The first audit is $149 and comes back as a plain-English score, fix list, and CSV your team can keep.

If you send the domain and one recent campaign export, I can turn it into a fixed-price audit. Worth a quick look this week?

Best,
{{your_name}}","Hi there,

Quick bump. The useful part is not a long report; it is a short blocker list before the next campaign. For LegalOps Digest, I would check authentication, unsubscribe path, bounces, and complaint risk first.

Should I send a sample format?","Hi there,

I will close the loop for now. If inbox placement or Gmail/Yahoo sender rules become a priority before a launch, the $149 InboxReady audit is built for a one-domain quick pass.

Best,
{{your_name}}"
"6","Studio MKT","A","89","contact form","Studio MKT: quick sender-risk check before the next campaign","Hi there,

A fixed-price deliverability audit could become a simple add-on for your campaign clients.

I run a fixed-scope service called InboxReady. It checks SPF/DKIM/DMARC posture, one-click unsubscribe readiness, bounce and complaint risk, and campaign-level blockers.

The first audit is $149 and comes back as a plain-English score, fix list, and CSV your team can keep.

If you send the domain and one recent campaign export, I can turn it into a fixed-price audit. Worth a quick look this week?

Best,
{{your_name}}","Hi there,

Quick bump. The useful part is not a long report; it is a short blocker list before the next campaign. For Studio MKT, I would check authentication, unsubscribe path, bounces, and complaint risk first.

Should I send a sample format?","Hi there,

I will close the loop for now. If inbox placement or Gmail/Yahoo sender rules become a priority before a launch, the $149 InboxReady audit is built for a one-domain quick pass.

Best,
{{your_name}}"
"7","ColdPath Advisors","A","87","contact form","ColdPath Advisors: quick sender-risk check before the next campaign","Hi there,

Outbound programs are where bounce and complaint thresholds can become the whole bottleneck.

I run a fixed-scope service called InboxReady. It checks SPF/DKIM/DMARC posture, one-click unsubscribe readiness, bounce and complaint risk, and campaign-level blockers.

The first audit is $149 and comes back as a plain-English score, fix list, and CSV your team can keep.

If you send the domain and one recent campaign export, I can turn it into a fixed-price audit. Worth a quick look this week?

Best,
{{your_name}}","Hi there,

Quick bump. The useful part is not a long report; it is a short blocker list before the next campaign. For ColdPath Advisors, I would check authentication, unsubscribe path, bounces, and complaint risk first.

Should I send a sample format?","Hi there,

I will close the loop for now. If inbox placement or Gmail/Yahoo sender rules become a priority before a launch, the $149 InboxReady audit is built for a one-domain quick pass.

Best,
{{your_name}}"
"8","Outbound Sprint Co","A","87","contact form","Outbound Sprint Co: quick sender-risk check before the next campaign","Hi there,

High-volume outbound is the clearest fit for a monthly sender monitoring package.

I run a fixed-scope service called InboxReady. It checks SPF/DKIM/DMARC posture, one-click unsubscribe readiness, bounce and complaint risk, and campaign-level blockers.

The first audit is $149 and comes back as a plain-English score, fix list, and CSV your team can keep.

If you send the domain and one recent campaign export, I can turn it into a fixed-price audit. Worth a quick look this week?

Best,
{{your_name}}","Hi there,

Quick bump. The useful part is not a long report; it is a short blocker list before the next campaign. For Outbound Sprint Co, I would check authentication, unsubscribe path, bounces, and complaint risk first.

Should I send a sample format?","Hi there,

I will close the loop for now. If inbox placement or Gmail/Yahoo sender rules become a priority before a launch, the $149 InboxReady audit is built for a one-domain quick pass.

Best,
{{your_name}}"
"9","ProspectOps Lab","A","87","contact form","ProspectOps Lab: quick sender-risk check before the next campaign","Hi there,

Lead-gen teams benefit from a repeatable pre-campaign checklist before touching client domains.

I run a fixed-scope service called InboxReady. It checks SPF/DKIM/DMARC posture, one-click unsubscribe readiness, bounce and complaint risk, and campaign-level blockers.

The first audit is $149 and comes back as a plain-English score, fix list, and CSV your team can keep.

If you send the domain and one recent campaign export, I can turn it into a fixed-price audit. Worth a quick look this week?

Best,
{{your_name}}","Hi there,

Quick bump. The useful part is not a long report; it is a short blocker list before the next campaign. For ProspectOps Lab, I would check authentication, unsubscribe path, bounces, and complaint risk first.

Should I send a sample format?","Hi there,

I will close the loop for now. If inbox placement or Gmail/Yahoo sender rules become a priority before a launch, the $149 InboxReady audit is built for a one-domain quick pass.

Best,
{{your_name}}"
"10","RevOps Partners","A","87","contact form","RevOps Partners: quick sender-risk check before the next campaign","Hi there,

Because you manage outbound for clients, a simple sender audit is easy to resell as a white-label check.

I run a fixed-scope service called InboxReady. It checks SPF/DKIM/DMARC posture, one-click unsubscribe readiness, bounce and complaint risk, and campaign-level blockers.

The first audit is $149 and comes back as a plain-English score, fix list, and CSV your team can keep.

If you send the domain and one recent campaign export, I can turn it into a fixed-price audit. Worth a quick look this week?

Best,
{{your_name}}","Hi there,

Quick bump. The useful part is not a long report; it is a short blocker list before the next campaign. For RevOps Partners, I would check authentication, unsubscribe path, bounces, and complaint risk first.

Should I send a sample format?","Hi there,

I will close the loop for now. If inbox placement or Gmail/Yahoo sender rules become a priority before a launch, the $149 InboxReady audit is built for a one-domain quick pass.

Best,
{{your_name}}"
"11","HiringOps Weekly","A","86","newsletter reply","HiringOps Weekly: quick sender-risk check before the next campaign","Hi there,

Sponsor-funded newsletters need clean delivery evidence when open rates move unexpectedly.

I run a fixed-scope service called InboxReady. It checks SPF/DKIM/DMARC posture, one-click unsubscribe readiness, bounce and complaint risk, and campaign-level blockers.

The first audit is $149 and comes back as a plain-English score, fix list, and CSV your team can keep.

If you send the domain and one recent campaign export, I can turn it into a fixed-price audit. Worth a quick look this week?

Best,
{{your_name}}","Hi there,

Quick bump. The useful part is not a long report; it is a short blocker list before the next campaign. For HiringOps Weekly, I would check authentication, unsubscribe path, bounces, and complaint risk first.

Should I send a sample format?","Hi there,

I will close the loop for now. If inbox placement or Gmail/Yahoo sender rules become a priority before a launch, the $149 InboxReady audit is built for a one-domain quick pass.

Best,
{{your_name}}"
"12","BrightCart Studio","A","84","contact form","BrightCart Studio: quick sender-risk check before the next campaign","Hi there,

I noticed your store depends on launch and cart emails, so a sender-health check can protect revenue before the next promotion.

I run a fixed-scope service called InboxReady. It checks SPF/DKIM/DMARC posture, one-click unsubscribe readiness, bounce and complaint risk, and campaign-level blockers.

The first audit is $149 and comes back as a plain-English score, fix list, and CSV your team can keep.

If you send the domain and one recent campaign export, I can turn it into a fixed-price audit. Worth a quick look this week?

Best,
{{your_name}}","Hi there,

Quick bump. The useful part is not a long report; it is a short blocker list before the next campaign. For BrightCart Studio, I would check authentication, unsubscribe path, bounces, and complaint risk first.

Should I send a sample format?","Hi there,

I will close the loop for now. If inbox placement or Gmail/Yahoo sender rules become a priority before a launch, the $149 InboxReady audit is built for a one-domain quick pass.

Best,
{{your_name}}"
"13","Maker Stack Letter","A","82","newsletter reply","Maker Stack Letter: quick sender-risk check before the next campaign","Hi there,

Launch emails are where a small deliverability miss turns into real lost revenue.

I run a fixed-scope service called InboxReady. It checks SPF/DKIM/DMARC posture, one-click unsubscribe readiness, bounce and complaint risk, and campaign-level blockers.

The first audit is $149 and comes back as a plain-English score, fix list, and CSV your team can keep.

If you send the domain and one recent campaign export, I can turn it into a fixed-price audit. Worth a quick look this week?

Best,
{{your_name}}","Hi there,

Quick bump. The useful part is not a long report; it is a short blocker list before the next campaign. For Maker Stack Letter, I would check authentication, unsubscribe path, bounces, and complaint risk first.

Should I send a sample format?","Hi there,

I will close the loop for now. If inbox placement or Gmail/Yahoo sender rules become a priority before a launch, the $149 InboxReady audit is built for a one-domain quick pass.

Best,
{{your_name}}"
"14","Pipeline Labs","B","81","contact form","Pipeline Labs: quick sender-risk check before the next campaign","Hi there,

Your outbound volume makes complaint and bounce control a weekly operating problem, not a one-time setup.

I run a fixed-scope service called InboxReady. It checks SPF/DKIM/DMARC posture, one-click unsubscribe readiness, bounce and complaint risk, and campaign-level blockers.

The first audit is $149 and comes back as a plain-English score, fix list, and CSV your team can keep.

If useful, I can send a tiny anonymized sample first so you can see the format. Worth a quick look this week?

Best,
{{your_name}}","Hi there,

Quick bump. The useful part is not a long report; it is a short blocker list before the next campaign. For Pipeline Labs, I would check authentication, unsubscribe path, bounces, and complaint risk first.

Should I send a sample format?","Hi there,

I will close the loop for now. If inbox placement or Gmail/Yahoo sender rules become a priority before a launch, the $149 InboxReady audit is built for a one-domain quick pass.

Best,
{{your_name}}"
"15","Atlas Retail Group","B","78","contact form","Atlas Retail Group: quick sender-risk check before the next campaign","Hi there,

Multi-brand ecommerce teams often have several sender domains that drift out of alignment.

I run a fixed-scope service called InboxReady. It checks SPF/DKIM/DMARC posture, one-click unsubscribe readiness, bounce and complaint risk, and campaign-level blockers.

The first audit is $149 and comes back as a plain-English score, fix list, and CSV your team can keep.

If useful, I can send a tiny anonymized sample first so you can see the format. Worth a quick look this week?

Best,
{{your_name}}","Hi there,

Quick bump. The useful part is not a long report; it is a short blocker list before the next campaign. For Atlas Retail Group, I would check authentication, unsubscribe path, bounces, and complaint risk first.

Should I send a sample format?","Hi there,

I will close the loop for now. If inbox placement or Gmail/Yahoo sender rules become a priority before a launch, the $149 InboxReady audit is built for a one-domain quick pass.

Best,
{{your_name}}"
"16","Retail Loop","B","78","contact form","Retail Loop: quick sender-risk check before the next campaign","Hi there,

Your product-drop volume is high enough that one bad sender setting can hurt a full launch.

I run a fixed-scope service called InboxReady. It checks SPF/DKIM/DMARC posture, one-click unsubscribe readiness, bounce and complaint risk, and campaign-level blockers.

The first audit is $149 and comes back as a plain-English score, fix list, and CSV your team can keep.

If useful, I can send a tiny anonymized sample first so you can see the format. Worth a quick look this week?

Best,
{{your_name}}","Hi there,

Quick bump. The useful part is not a long report; it is a short blocker list before the next campaign. For Retail Loop, I would check authentication, unsubscribe path, bounces, and complaint risk first.

Should I send a sample format?","Hi there,

I will close the loop for now. If inbox placement or Gmail/Yahoo sender rules become a priority before a launch, the $149 InboxReady audit is built for a one-domain quick pass.

Best,
{{your_name}}"
"17","GreenCart Goods","B","74","support email","GreenCart Goods: quick sender-risk check before the next campaign","Hi there,

Your promo calendar gives enough sending activity for a useful one-domain audit.

I run a fixed-scope service called InboxReady. It checks SPF/DKIM/DMARC posture, one-click unsubscribe readiness, bounce and complaint risk, and campaign-level blockers.

The first audit is $149 and comes back as a plain-English score, fix list, and CSV your team can keep.

If useful, I can send a tiny anonymized sample first so you can see the format. Worth a quick look this week?

Best,
{{your_name}}","Hi there,

Quick bump. The useful part is not a long report; it is a short blocker list before the next campaign. For GreenCart Goods, I would check authentication, unsubscribe path, bounces, and complaint risk first.

Should I send a sample format?","Hi there,

I will close the loop for now. If inbox placement or Gmail/Yahoo sender rules become a priority before a launch, the $149 InboxReady audit is built for a one-domain quick pass.

Best,
{{your_name}}"
"18","HealthBox Market","B","74","contact form","HealthBox Market: quick sender-risk check before the next campaign","Hi there,

Wellness promos need clean sender practices because trust and policy clarity matter more than usual.

I run a fixed-scope service called InboxReady. It checks SPF/DKIM/DMARC posture, one-click unsubscribe readiness, bounce and complaint risk, and campaign-level blockers.

The first audit is $149 and comes back as a plain-English score, fix list, and CSV your team can keep.

If useful, I can send a tiny anonymized sample first so you can see the format. Worth a quick look this week?

Best,
{{your_name}}","Hi there,

Quick bump. The useful part is not a long report; it is a short blocker list before the next campaign. For HealthBox Market, I would check authentication, unsubscribe path, bounces, and complaint risk first.

Should I send a sample format?","Hi there,

I will close the loop for now. If inbox placement or Gmail/Yahoo sender rules become a priority before a launch, the $149 InboxReady audit is built for a one-domain quick pass.

Best,
{{your_name}}"
"19","Kitchen Table Brands","B","74","contact form","Kitchen Table Brands: quick sender-risk check before the next campaign","Hi there,

Seasonal food promotions are a good trigger for checking list hygiene and unsubscribe flow.

I run a fixed-scope service called InboxReady. It checks SPF/DKIM/DMARC posture, one-click unsubscribe readiness, bounce and complaint risk, and campaign-level blockers.

The first audit is $149 and comes back as a plain-English score, fix list, and CSV your team can keep.

If useful, I can send a tiny anonymized sample first so you can see the format. Worth a quick look this week?

Best,
{{your_name}}","Hi there,

Quick bump. The useful part is not a long report; it is a short blocker list before the next campaign. For Kitchen Table Brands, I would check authentication, unsubscribe path, bounces, and complaint risk first.

Should I send a sample format?","Hi there,

I will close the loop for now. If inbox placement or Gmail/Yahoo sender rules become a priority before a launch, the $149 InboxReady audit is built for a one-domain quick pass.

Best,
{{your_name}}"
"20","Trailhead Supply","B","74","support email","Trailhead Supply: quick sender-risk check before the next campaign","Hi there,

Your seasonal campaigns are exactly where authentication, unsubscribes, and complaint rates need to be checked before volume spikes.

I run a fixed-scope service called InboxReady. It checks SPF/DKIM/DMARC posture, one-click unsubscribe readiness, bounce and complaint risk, and campaign-level blockers.

The first audit is $149 and comes back as a plain-English score, fix list, and CSV your team can keep.

If useful, I can send a tiny anonymized sample first so you can see the format. Worth a quick look this week?

Best,
{{your_name}}","Hi there,

Quick bump. The useful part is not a long report; it is a short blocker list before the next campaign. For Trailhead Supply, I would check authentication, unsubscribe path, bounces, and complaint risk first.

Should I send a sample format?","Hi there,

I will close the loop for now. If inbox placement or Gmail/Yahoo sender rules become a priority before a launch, the $149 InboxReady audit is built for a one-domain quick pass.

Best,
{{your_name}}"
"21","Northline SaaS","B","71","contact form","Northline SaaS: quick sender-risk check before the next campaign","Hi there,

Your onboarding and product-update emails are probably part of the conversion path, which makes deliverability a revenue risk.

I run a fixed-scope service called InboxReady. It checks SPF/DKIM/DMARC posture, one-click unsubscribe readiness, bounce and complaint risk, and campaign-level blockers.

The first audit is $149 and comes back as a plain-English score, fix list, and CSV your team can keep.

If useful, I can send a tiny anonymized sample first so you can see the format. Worth a quick look this week?

Best,
{{your_name}}","Hi there,

Quick bump. The useful part is not a long report; it is a short blocker list before the next campaign. For Northline SaaS, I would check authentication, unsubscribe path, bounces, and complaint risk first.

Should I send a sample format?","Hi there,

I will close the loop for now. If inbox placement or Gmail/Yahoo sender rules become a priority before a launch, the $149 InboxReady audit is built for a one-domain quick pass.

Best,
{{your_name}}"
"22","ShipRight SaaS","B","71","contact form","ShipRight SaaS: quick sender-risk check before the next campaign","Hi there,

If onboarding or shipment alerts miss the inbox, support volume and churn can rise quietly.

I run a fixed-scope service called InboxReady. It checks SPF/DKIM/DMARC posture, one-click unsubscribe readiness, bounce and complaint risk, and campaign-level blockers.

The first audit is $149 and comes back as a plain-English score, fix list, and CSV your team can keep.

If useful, I can send a tiny anonymized sample first so you can see the format. Worth a quick look this week?

Best,
{{your_name}}","Hi there,

Quick bump. The useful part is not a long report; it is a short blocker list before the next campaign. For ShipRight SaaS, I would check authentication, unsubscribe path, bounces, and complaint risk first.

Should I send a sample format?","Hi there,

I will close the loop for now. If inbox placement or Gmail/Yahoo sender rules become a priority before a launch, the $149 InboxReady audit is built for a one-domain quick pass.

Best,
{{your_name}}"
"23","TinyTeam CRM","B","71","contact form","TinyTeam CRM: quick sender-risk check before the next campaign","Hi there,

SMB SaaS teams often have enough email volume to need checks but not enough ops bandwidth.

I run a fixed-scope service called InboxReady. It checks SPF/DKIM/DMARC posture, one-click unsubscribe readiness, bounce and complaint risk, and campaign-level blockers.

The first audit is $149 and comes back as a plain-English score, fix list, and CSV your team can keep.

If useful, I can send a tiny anonymized sample first so you can see the format. Worth a quick look this week?

Best,
{{your_name}}","Hi there,

Quick bump. The useful part is not a long report; it is a short blocker list before the next campaign. For TinyTeam CRM, I would check authentication, unsubscribe path, bounces, and complaint risk first.

Should I send a sample format?","Hi there,

I will close the loop for now. If inbox placement or Gmail/Yahoo sender rules become a priority before a launch, the $149 InboxReady audit is built for a one-domain quick pass.

Best,
{{your_name}}"
"24","DemoDay Tools","C","67","contact form","DemoDay Tools: quick sender-risk check before the next campaign","Hi there,

Trial nurture emails are small but important; a readiness score can flag risk before a launch.

I run a fixed-scope service called InboxReady. It checks SPF/DKIM/DMARC posture, one-click unsubscribe readiness, bounce and complaint risk, and campaign-level blockers.

The first audit is $149 and comes back as a plain-English score, fix list, and CSV your team can keep.

If useful, I can send a tiny anonymized sample first so you can see the format. Worth a quick look this week?

Best,
{{your_name}}","Hi there,

Quick bump. The useful part is not a long report; it is a short blocker list before the next campaign. For DemoDay Tools, I would check authentication, unsubscribe path, bounces, and complaint risk first.

Should I send a sample format?","Hi there,

I will close the loop for now. If inbox placement or Gmail/Yahoo sender rules become a priority before a launch, the $149 InboxReady audit is built for a one-domain quick pass.

Best,
{{your_name}}"
"25","QuoteFlow SaaS","C","67","contact form","QuoteFlow SaaS: quick sender-risk check before the next campaign","Hi there,

Sales workflow notifications need consistent inbox placement or they become support tickets.

I run a fixed-scope service called InboxReady. It checks SPF/DKIM/DMARC posture, one-click unsubscribe readiness, bounce and complaint risk, and campaign-level blockers.

The first audit is $149 and comes back as a plain-English score, fix list, and CSV your team can keep.

If useful, I can send a tiny anonymized sample first so you can see the format. Worth a quick look this week?

Best,
{{your_name}}","Hi there,

Quick bump. The useful part is not a long report; it is a short blocker list before the next campaign. For QuoteFlow SaaS, I would check authentication, unsubscribe path, bounces, and complaint risk first.

Should I send a sample format?","Hi there,

I will close the loop for now. If inbox placement or Gmail/Yahoo sender rules become a priority before a launch, the $149 InboxReady audit is built for a one-domain quick pass.

Best,
{{your_name}}"
