prospect,website,segment,contact_route,list_type,monthly_sends,platform,signals,pain_trigger,personalized_opening
BrightCart Studio,https://brightcart.example,ecommerce,contact form,promotional,7550,Klaviyo,"newsletter; product launch; abandoned cart","active ecommerce promos","I noticed your store depends on launch and cart emails, so a sender-health check can protect revenue before the next promotion."
Founder Notes Weekly,https://foundernotes.example,newsletter,newsletter reply,promotional,18000,ConvertKit,"weekly newsletter; sponsor inventory; creator business","newsletter monetization","Your weekly newsletter likely has sponsor and product revenue tied directly to inbox placement."
Northline SaaS,https://northlinesaas.example,saas,contact form,product updates,12500,HubSpot,"trial onboarding; product update; lifecycle emails","trial conversion","Your onboarding and product-update emails are probably part of the conversion path, which makes deliverability a revenue risk."
RevOps Partners,https://revopspartners.example,agency,contact form,cold outreach,42000,Google Workspace,"outbound; B2B agency; multiple client domains","client sender risk","Because you manage outbound for clients, a simple sender audit is easy to resell as a white-label check."
Trailhead Supply,https://trailheadsupply.example,ecommerce,support email,promotional,6400,Mailchimp,"seasonal launch; Shopify; discount emails","seasonal campaign","Your seasonal campaigns are exactly where authentication, unsubscribes, and complaint rates need to be checked before volume spikes."
LegalOps Digest,https://legalopsdigest.example,newsletter,newsletter reply,promotional,22000,Beehiiv,"newsletter; paid audience; professional niche","audience trust","Professional newsletters lose more than clicks when messages miss inboxes; they lose sponsor confidence."
Pipeline Labs,https://pipelinelabs.example,outbound,contact form,cold outreach,36000,Apollo,"sales development; outbound; many prospects","cold outreach volume","Your outbound volume makes complaint and bounce control a weekly operating problem, not a one-time setup."
Studio MKT,https://studiomkt.example,agency,contact form,client campaigns,28500,Mailchimp,"marketing agency; campaign management; ecommerce clients","agency resale","A fixed-price deliverability audit could become a simple add-on for your campaign clients."
HealthBox Market,https://healthbox.example,ecommerce,contact form,promotional,9100,Omnisend,"consumer wellness; email promos; ecommerce","regulated-ish claims","Wellness promos need clean sender practices because trust and policy clarity matter more than usual."
ShipRight SaaS,https://shipright.example,saas,contact form,transactional,14800,Customer.io,"lifecycle; transactional; onboarding","activation emails","If onboarding or shipment alerts miss the inbox, support volume and churn can rise quietly."
Outbound Sprint Co,https://outboundsprint.example,outbound,contact form,cold outreach,52000,Google Workspace,"cold email; consulting; high send volume","domain reputation","High-volume outbound is the clearest fit for a monthly sender monitoring package."
Maker Stack Letter,https://makerstack.example,newsletter,newsletter reply,promotional,9600,Ghost,"creator newsletter; launch emails; paid course","creator launch","Launch emails are where a small deliverability miss turns into real lost revenue."
Atlas Retail Group,https://atlasretail.example,ecommerce,contact form,promotional,20500,Klaviyo,"multi-brand ecommerce; SMS/email; repeat promos","multi-brand sending","Multi-brand ecommerce teams often have several sender domains that drift out of alignment."
Inbox Pilot Agency,https://inboxpilot.example,agency,contact form,client campaigns,47000,HubSpot,"email agency; lifecycle campaigns; client reporting","white-label audit","Your clients already pay for email execution, so a sender-risk report is a natural proof artifact."
HiringOps Weekly,https://hiringops.example,newsletter,newsletter reply,promotional,14500,Substack,"B2B newsletter; job sponsors; weekly send","sponsor delivery","Sponsor-funded newsletters need clean delivery evidence when open rates move unexpectedly."
GreenCart Goods,https://greencart.example,ecommerce,support email,promotional,8300,Omnisend,"eco products; email promos; Shopify","promotional revenue","Your promo calendar gives enough sending activity for a useful one-domain audit."
DemoDay Tools,https://demodaytools.example,saas,contact form,product updates,7300,Customer.io,"startup tools; lifecycle emails; trial nurture","activation nurture","Trial nurture emails are small but important; a readiness score can flag risk before a launch."
ColdPath Advisors,https://coldpath.example,outbound,contact form,cold outreach,61000,Instantly,"outbound agency; B2B leads; high volume","complaint risk","Outbound programs are where bounce and complaint thresholds can become the whole bottleneck."
TinyTeam CRM,https://tinyteamcrm.example,saas,contact form,product updates,11800,ActiveCampaign,"SMB SaaS; product emails; onboarding","SMB lifecycle","SMB SaaS teams often have enough email volume to need checks but not enough ops bandwidth."
Kitchen Table Brands,https://kitchentable.example,ecommerce,contact form,promotional,5600,Mailchimp,"food products; seasonal offers; ecommerce","seasonal list","Seasonal food promotions are a good trigger for checking list hygiene and unsubscribe flow."
AgencyOps Letter,https://agencyops.example,newsletter,newsletter reply,promotional,27000,Beehiiv,"agency newsletter; sponsors; courses","newsletter revenue","You have a professional audience and likely sponsor inventory, so deliverability evidence is useful."
LaunchLayer,https://launchlayer.example,agency,contact form,client launches,19500,Klaviyo,"launch agency; ecommerce; client promos","campaign launch risk","Client launch work is deadline-driven, which makes a same-day sender readiness audit sellable."
QuoteFlow SaaS,https://quoteflow.example,saas,contact form,transactional,6700,HubSpot,"sales workflows; transactional notifications; lifecycle","transactional trust","Sales workflow notifications need consistent inbox placement or they become support tickets."
Retail Loop,https://retailloop.example,ecommerce,contact form,promotional,31000,Klaviyo,"DTC portfolio; product drops; abandoned cart","large promo volume","Your product-drop volume is high enough that one bad sender setting can hurt a full launch."
ProspectOps Lab,https://prospectopslab.example,outbound,contact form,cold outreach,44000,Apollo,"lead gen; outbound; B2B campaigns","client domain health","Lead-gen teams benefit from a repeatable pre-campaign checklist before touching client domains."
